Град,Област,lat,lng,1994,1995,1996,1997,1998,1999,2000,2001,2002,2003,2004,2005,2006,2007,2008,2009,2010,2011,2012
гр. АЙТОС,БУРГАС,42.7030193,27.2546865,89,32,25,11,11,17,14,13,19,33,25,30,26,62,64,58,28,37,33
гр. АКСАКОВО,ВАРНА,43.2590,27.8179,1,4,4,1,1,0,0,2,1,4,3,4,0,16,30,25,14,14,20
гр. АЛФАТАР,СИЛИСТРА,43.9464572,27.2853521,11,1,2,1,0,0,1,1,2,0,0,2,5,5,2,5,3,4,2
гр. АНТОНОВО,ТЪРГОВИЩЕ,43.1510376,26.1636355,11,1,1,1,1,2,1,1,0,1,1,1,2,1,2,1,0,2,0
гр. АПРИЛЦИ,ЛОВЕЧ,42.8404476,24.9189665,27,4,5,2,0,4,5,6,6,7,4,6,7,12,13,15,4,5,5
гр. АРДИНО,КЪРДЖАЛИ,41.583683,25.1335602,7,2,1,3,0,3,1,3,6,6,5,3,3,14,5,4,7,4,5
гр. АСЕНОВГРАД,ПЛОВДИВ,42.006788,24.87605,248,115,73,40,52,38,48,46,67,125,77,67,85,194,179,167,132,106,103
гр. АХТОПОЛ,БУРГАС,42.0994777,27.9394498,5,0,0,0,1,0,0,1,1,1,3,1,3,7,3,3,6,2,3
гр. БАЛЧИК,ДОБРИЧ,43.425692,28.1625179,66,23,17,11,11,11,11,14,18,40,25,17,27,61,57,43,30,21,17
гр. БАНКЯ,СОФИЯ-ГРАД,42.7062163,23.1480449,6,4,3,2,5,1,2,3,3,5,9,14,22,46,37,39,31,32,29
гр. БАНСКО,БЛАГОЕВГРАД,41.8380219,23.4890277,36,11,4,5,5,18,7,11,16,38,38,40,41,78,63,61,51,42,36
гр. БАНЯ,ПЛОВДИВ,42.5954047,25.2093708,16,2,2,2,0,2,1,1,2,8,2,5,3,7,3,4,2,2,2
гр. БАТАК,ПАЗАРДЖИК,41.9420781,24.217068,33,17,4,1,2,2,2,6,8,11,10,4,6,15,7,14,8,4,7
гр. БАТАНОВЦИ,ПЕРНИК,42.5979896,22.9556695,10,2,3,1,1,1,0,0,0,0,1,1,2,1,4,6,3,1,3
гр. БЕЛЕНЕ,ПЛЕВЕН,43.6481562,25.1280082,47,11,5,5,5,2,3,3,5,10,1,7,13,17,13,21,18,6,3
гр. БЕЛИЦА,БЛАГОЕВГРАД,41.9510158,23.5586133,22,10,4,3,3,2,3,2,1,4,4,5,4,6,6,4,9,6,5
гр. БЕЛОВО,ПАЗАРДЖИК,42.2140206,24.0173684,32,16,11,2,6,3,5,5,5,5,1,3,2,11,4,6,8,5,10
гр. БЕЛОГРАДЧИК,ВИДИН,43.6251984,22.686516,24,7,1,0,2,4,3,2,5,14,1,1,2,10,7,7,9,8,4
гр. БЕЛОСЛАВ,ВАРНА,43.1875357,27.7039823,22,11,4,0,2,1,1,2,3,20,6,13,5,19,10,20,17,8,6
гр. БЕРКОВИЦА,МОНТАНА,43.2373907,23.1242506,69,20,21,6,9,16,4,20,15,18,16,25,15,34,55,27,10,16,19
гр. БЛАГОЕВГРАД,БЛАГОЕВГРАД,42.0224879,23.0947407,663,310,179,94,86,91,90,98,122,237,183,182,249,517,427,373,330,388,363
гр. БОБОВ ДОЛ,КЮСТЕНДИЛ,42.3643531,22.9980515,9,4,2,1,5,6,1,1,4,6,5,2,2,7,7,6,6,6,0
гр. БОБОШЕВО,КЮСТЕНДИЛ,42.1501567,23.0009373,5,0,0,0,0,0,0,0,1,0,0,1,1,1,4,1,2,0,0
гр. БОЖУРИЩЕ,СОФИЯ-ОБЛАСТ,42.7623303,23.1974705,26,12,13,3,3,6,4,9,11,10,6,8,17,26,18,21,22,17,11
гр. БОЙЧИНОВЦИ,МОНТАНА,43.4754703,23.338202,11,0,1,1,0,0,0,1,1,1,3,0,1,4,1,3,1,0,1
гр. БОЛЯРОВО,ЯМБОЛ,42.1493919,26.8126416,12,1,0,0,1,3,0,0,3,1,2,0,2,1,3,3,3,2,1
гр. БОРОВО,РУСЕ,43.4877562,25.8100686,12,3,3,0,2,2,2,2,2,4,2,3,1,2,1,5,3,0,1
гр. БОТЕВГРАД,СОФИЯ-ОБЛАСТ,42.9076972,23.793336,113,54,43,20,21,23,30,22,36,56,37,36,34,88,105,58,59,51,46
гр. БРАЦИГОВО,ПАЗАРДЖИК,42.0253455,24.3707357,26,9,2,2,2,1,1,5,1,14,6,2,2,11,6,9,7,4,6
гр. БРЕГОВО,ВИДИН,44.1512295,22.6389821,7,3,0,0,2,0,0,0,1,1,0,0,0,0,0,3,1,1,2
гр. БРЕЗНИК,ПЕРНИК,42.7398845,22.9038415,13,1,2,0,1,2,3,2,2,4,0,1,3,6,7,7,5,4,4
гр. БРЕЗОВО,ПЛОВДИВ,42.348857,25.0769119,9,2,0,1,1,1,1,2,1,1,1,3,2,1,3,2,4,1,1
гр. БРУСАРЦИ,МОНТАНА,43.6629345,23.0663259,3,0,0,0,1,0,0,1,1,0,1,1,0,1,2,2,1,1,2
гр. БУРГАС,БУРГАС,42.497,27.470,1998,772,520,344,314,303,334,380,444,746,608,677,843,1582,1324,998,917,813,737
гр. БУХОВО,СОФИЯ-ГРАД,42.7648692,23.5667358,0,1,0,1,0,0,0,0,0,1,1,0,1,5,3,1,2,0,2
гр. БЪЛГАРОВО,БУРГАС,42.6204479,27.3063656,6,1,2,2,0,2,0,1,3,0,1,5,1,3,2,4,1,3,3
гр. БЯЛА,ВАРНА,42.876097,27.8852283,10,2,2,1,0,0,1,0,2,1,4,4,4,10,8,4,12,3,7
гр. БЯЛА,РУСЕ,43.4600973,25.7383826,98,18,14,9,7,5,11,10,20,22,11,19,16,26,38,21,14,14,12
гр. БЯЛА СЛАТИНА,ВРАЦА,43.469014,23.9457849,44,32,15,5,8,5,12,9,12,28,10,13,10,34,21,26,24,16,14
гр. БЯЛА ЧЕРКВА,ВЕЛИКО ТЪРНОВО,43.2052,25.3109,33,15,6,8,4,1,2,0,2,1,1,1,1,4,4,1,3,3,1
гр. ВАРНА,ВАРНА,43.209,27.912,2954,1269,811,538,463,590,615,640,784,1485,993,1125,1409,2815,2388,1972,1735,1484,1377
гр. ВЕЛИКИ ПРЕСЛАВ,ШУМЕН,43.162232,26.806638,59,7,6,4,4,3,5,5,9,13,9,9,9,23,21,29,14,8,8
гр. ВЕЛИКО ТЪРНОВО,ВЕЛИКО ТЪРНОВО,43.0785562,25.6271574,744,330,217,151,115,143,161,169,247,329,250,258,251,468,376,300,259,185,166
гр. ВЕЛИНГРАД,ПАЗАРДЖИК,42.0272315,23.9965396,165,55,37,29,21,23,34,24,50,56,46,27,39,82,66,59,43,34,40
гр. ВЕТОВО,РУСЕ,43.7032312,26.2638198,17,11,5,4,3,2,1,11,3,6,9,4,2,6,9,9,5,12,8
гр. ВЕТРЕН,ПАЗАРДЖИК,42.1565139,24.1524203,7,3,3,4,0,3,0,0,1,3,0,2,1,4,4,9,6,2,1
гр. ВИДИН,ВИДИН,43.9937135,22.8764136,346,165,77,42,64,41,50,45,67,121,65,80,83,148,176,162,104,100,83
гр. ВРАЦА,ВРАЦА,43.2038499,23.5487847,457,178,138,79,97,78,93,104,103,177,124,138,154,236,197,192,132,120,107
гр. ВЪЛЧЕДРЪМ,МОНТАНА,43.6956045,23.4449695,3,2,1,2,2,1,1,1,2,5,3,4,2,8,10,8,7,2,11
гр. ВЪЛЧИДОЛ,ВАРНА,43.4050,27.5540,15,3,2,0,1,1,3,4,3,4,3,2,8,9,11,11,6,3,7
гр. ВЪРБИЦА,ШУМЕН,42.9938134,26.6717994,11,5,2,1,0,2,1,1,1,6,2,3,3,4,2,6,3,2,3
гр. ВЪРШЕЦ,МОНТАНА,43.1944749,23.2853172,16,5,2,2,1,1,2,1,3,13,5,1,6,8,7,8,7,5,8
гр. ГАБРОВО,ГАБРОВО,42.8742242,25.3189375,676,315,188,89,84,90,109,116,163,289,143,173,173,331,288,252,176,191,127
гр. ГЕНЕРАЛ ТОШЕВО,ДОБРИЧ,43.7017249,28.0393974,52,17,17,5,12,1,7,8,7,10,6,18,10,24,39,38,19,18,14
гр. ГЛАВИНИЦА,СИЛИСТРА,43.9118653,26.8363212,11,3,3,0,0,2,0,0,0,4,0,3,2,4,3,4,1,1,1
гр. ГЛОДЖЕВО,РУСЕ,43.7354549,26.3903855,5,1,1,1,0,1,0,0,3,1,3,4,4,1,4,10,6,2,5
гр. ГОДЕЧ,СОФИЯ-ОБЛАСТ,43.0099026,23.0469884,13,11,4,2,1,2,3,1,4,10,6,4,4,5,17,13,9,13,5
гр. ГОРНА ОРЯХОВИЦА,ВЕЛИКО ТЪРНОВО,43.1219994,25.689561,300,114,69,43,38,32,50,40,55,84,60,60,60,116,93,97,77,57,33
гр. ГОЦЕ ДЕЛЧЕВ,БЛАГОЕВГРАД,41.5708111,23.7228114,110,58,21,14,16,15,10,20,25,74,31,37,53,106,112,73,85,92,75
гр. ГРАМАДА,ВИДИН,43.8333211,22.6579712,4,0,0,0,0,2,1,0,0,0,1,0,1,3,2,2,1,0,3
гр. ГУЛЯНЦИ,ПЛЕВЕН,43.6392391,24.6955178,11,3,2,2,3,3,0,1,2,6,0,3,1,2,6,4,4,3,2
гр. ГУРКОВО,СТАРА ЗАГОРА,42.6573272,25.7960045,15,5,2,1,1,1,0,2,1,8,6,2,5,4,2,5,6,3,5
гр. ГЪЛЪБОВО,СТАРА ЗАГОРА,42.1381875,25.8675572,36,11,15,9,8,6,14,9,7,15,10,3,14,30,24,30,29,10,14
гр. ДВЕ МОГИЛИ,РУСЕ,43.5935886,25.875586,20,5,5,2,2,0,1,1,2,4,4,5,4,8,8,5,6,4,7
гр. ДЕБЕЛЕЦ,ВЕЛИКО ТЪРНОВО,43.043635,25.6210726,17,7,1,4,3,5,1,1,2,3,5,4,5,4,11,6,5,7,5
гр. ДЕВИН,СМОЛЯН,41.7437977,24.3979959,18,12,3,1,9,3,5,4,6,16,5,7,28,29,30,22,17,9,12
гр. ДЕВНЯ,ВАРНА,43.2191351,27.5559747,34,10,12,3,5,6,6,9,6,7,8,10,16,15,24,20,23,12,14
гр. ДЖЕБЕЛ,КЪРДЖАЛИ,41.4970825,25.3043984,3,1,1,2,1,2,1,1,1,5,2,3,7,7,12,6,6,3,3
гр. ДИМИТРОВГРАД,ХАСКОВО,42.0602715,25.5933344,307,109,60,31,54,52,47,38,49,102,74,60,62,159,127,94,68,66,54
гр. ДИМОВО,ВИДИН,43.741477,22.7271977,1,1,0,0,0,1,2,0,0,2,1,0,1,2,4,6,3,0,1
гр. ДОБРИНИЩЕ,БЛАГОЕВГРАД,41.8209,23.5625,1,1,0,0,1,0,1,0,2,0,0,2,1,7,16,11,8,10,4
гр. ДОБРИЧ,ДОБРИЧ,43.5690224,27.8272424,873,349,235,161,119,112,175,151,174,379,257,264,309,618,496,351,253,269,231
гр. ДОЛНА БАНЯ,СОФИЯ-ОБЛАСТ,42.31116,23.76572,15,8,3,3,1,0,2,4,5,2,8,3,1,10,14,7,6,5,3
гр. ДОЛНА МИТРОПОЛИЯ,ПЛЕВЕН,43.4681347,24.5197473,11,5,2,2,3,1,2,2,3,5,3,2,1,7,7,4,9,10,7
гр. ДОЛНА ОРЯХОВИЦА,ВЕЛИКО ТЪРНОВО,43.1564296,25.739354,14,7,2,2,0,0,0,1,3,1,1,2,1,3,7,4,1,2,2
гр. ДОЛНИ ДЪБНИК,ПЛЕВЕН,43.4088095,24.442632,8,13,3,4,2,2,1,4,2,4,3,3,1,10,11,10,6,7,7
гр. ДОЛНИ ЧИФЛИК,ВАРНА,42.9929709,27.7189255,19,6,6,1,4,2,3,4,10,15,8,8,6,13,16,13,6,7,4
гр. ДОСПАТ,СМОЛЯН,41.6439569,24.1591125,16,6,3,1,1,3,4,3,7,9,12,9,9,6,16,11,12,12,5
гр. ДРАГОМАН,СОФИЯ-ОБЛАСТ,42.9220358,22.9300625,13,4,9,1,0,3,2,1,3,4,3,3,2,8,10,7,9,5,7
гр. ДРЯНОВО,ГАБРОВО,42.9748502,25.4735863,33,10,9,3,2,4,5,5,11,15,17,9,9,25,29,22,10,12,15
гр. ДУЛОВО,СИЛИСТРА,43.8226708,27.1396801,57,17,12,2,8,6,8,4,7,14,11,12,10,38,29,14,12,13,21
гр. ДУНАВЦИ,ВИДИН,43.9128669,22.813248,5,3,0,0,1,1,1,0,1,0,1,2,1,2,2,3,1,1,0
гр. ДУПНИЦА,КЮСТЕНДИЛ,42.2637355,23.1111217,144,50,33,22,31,40,36,33,63,82,57,54,69,162,139,102,83,70,65
гр. ДЪЛГОПОЛ,ВАРНА,43.0497381,27.3442806,92,9,16,4,2,5,1,2,2,2,3,6,2,4,4,6,5,10,6
гр. ЕЛЕНА,ВЕЛИКО ТЪРНОВО,42.9297222,25.8774772,36,7,8,4,3,6,2,7,7,14,9,10,6,18,11,20,27,13,8
гр. ЕЛИН ПЕЛИН,СОФИЯ-ОБЛАСТ,42.664,23.599,39,22,14,10,8,9,7,6,13,25,13,17,20,44,26,28,23,14,14
гр. ЕЛХОВО,ЯМБОЛ,42.1750296,26.5735603,45,13,13,4,5,5,7,9,13,18,10,12,16,24,24,20,23,14,18
гр. ЕТРОПОЛЕ,СОФИЯ-ОБЛАСТ,42.8346449,24.0011691,35,20,11,13,5,10,10,7,7,20,9,16,18,44,39,29,28,16,8
гр. ЗАВЕТ,РАЗГРАД,43.7584757,26.6782771,12,11,1,0,0,2,1,3,2,5,1,2,2,7,5,4,4,3,6
гр. ЗЕМЕН,ПЕРНИК,42.4780799,22.747208,14,3,1,1,1,0,0,0,0,3,3,0,0,2,0,4,5,2,0
гр. ЗЛАТАРИЦА,ВЕЛИКО ТЪРНОВО,43.0467786,25.8905654,10,4,1,0,0,0,1,1,3,3,3,1,0,4,4,7,7,4,1
гр. ЗЛАТИЦА,СОФИЯ-ОБЛАСТ,42.7137633,24.1388694,25,11,10,3,2,2,2,3,5,10,7,5,10,14,16,17,9,6,4
гр. ЗЛАТОГРАД,СМОЛЯН,41.3801993,25.0934335,27,17,8,4,8,6,7,11,10,21,12,13,8,24,23,26,14,23,17
гр. ИВАЙЛОВГРАД,ХАСКОВО,41.5276009,26.1251381,9,3,3,8,2,1,1,1,1,8,1,2,7,13,10,4,3,7,7
гр. ИСКЪР,ПЛЕВЕН,43.4557541,24.2620169,10,2,3,0,1,0,1,0,0,0,1,2,0,3,5,2,2,4,2
гр. ИСПЕРИХ,РАЗГРАД,43.7136243,26.83212,61,17,13,9,7,4,7,12,18,31,12,8,14,36,31,25,21,13,15
гр. ИХТИМАН,СОФИЯ-ОБЛАСТ,42.4382752,23.8160678,42,14,11,3,8,9,6,9,14,23,20,15,13,30,24,29,20,24,20
гр. КАБЛЕШКОВО,БУРГАС,42.6595923,27.566179,8,3,5,1,1,1,0,1,3,1,2,5,6,7,11,6,3,4,4
гр. КАВАРНА,ДОБРИЧ,43.4345492,28.3389031,71,23,11,5,8,2,5,9,20,28,15,16,21,50,63,37,31,23,19
гр. КАЗАНЛЪК,СТАРА ЗАГОРА,42.6187175,25.3944566,352,128,79,55,45,72,59,62,83,131,106,87,109,215,200,138,122,128,77
гр. КАЛОФЕР,ПЛОВДИВ,42.6117,24.9745,7,1,3,2,1,2,0,0,0,3,3,1,0,4,4,5,2,2,4
гр. КАМЕНО,БУРГАС,42.5729905,27.2957898,19,3,2,2,1,0,4,0,2,9,4,7,12,14,12,7,15,8,8
гр. КАОЛИНОВО,ШУМЕН,43.6169369,27.0908831,5,1,0,0,0,0,0,1,1,1,0,1,0,2,2,1,3,2,5
гр. КАРЛОВО,ПЛОВДИВ,42.6433499,24.8072274,131,39,35,20,14,14,37,20,31,59,30,37,45,84,76,60,49,32,35
гр. КАРНОБАТ,БУРГАС,42.6470846,26.9845612,131,30,20,14,13,12,20,19,17,41,15,26,17,57,41,39,32,25,18
гр. КАСПИЧАН,ШУМЕН,43.3113327,27.1570166,20,3,7,2,1,3,1,3,8,7,8,7,8,9,8,7,3,5,5
гр. КЕРМЕН,СЛИВЕН,42.5062237,26.2576119,6,3,1,0,1,1,1,1,2,2,2,1,2,8,4,3,5,2,2
гр. КИЛИФАРЕВО,ВЕЛИКО ТЪРНОВО,42.994269,25.6213217,8,4,2,0,1,3,3,2,0,0,2,4,1,8,8,3,4,2,4
гр. КИТЕН,БУРГАС,42.2367,27.7756,0,0,0,0,0,0,1,0,1,2,1,1,0,1,10,7,15,8,6
гр. КЛИСУРА,ПЛОВДИВ,42.69458,24.44977,1,1,0,0,0,0,1,2,0,0,1,0,1,1,0,1,0,1,0
гр. КНЕЖА,ПЛЕВЕН,43.4979842,24.0811696,53,24,16,2,10,7,7,11,14,14,10,7,12,27,21,35,11,15,18
гр. КОЗЛОДУЙ,ВРАЦА,43.7785559,23.7216587,48,13,10,5,14,12,9,12,15,34,15,7,17,23,24,18,22,11,13
гр. КОЙНАРЕ,ПЛЕВЕН,43.3572062,24.1446198,4,7,1,0,0,2,2,1,2,1,2,3,1,1,4,7,0,2,1
гр. КОПРИВЩИЦА,СОФИЯ-ОБЛАСТ,42.6372749,24.3598068,3,3,2,0,2,0,1,1,0,5,3,0,1,9,6,10,5,2,3
гр. КОСТАНДОВО,ПАЗАРДЖИК,42.0247514,24.1099978,3,1,2,3,0,2,0,1,0,6,1,3,0,3,1,1,2,2,1
гр. КОСТЕНЕЦ,СОФИЯ-ОБЛАСТ,42.3079624,23.8578108,50,32,17,6,9,10,5,7,14,16,18,11,13,14,16,11,12,16,12
гр. КОСТИНБРОД,СОФИЯ-ОБЛАСТ,42.8184129,23.2249747,57,28,40,25,14,22,15,16,22,21,30,28,27,48,56,44,49,33,30
гр. КОТЕЛ,СЛИВЕН,42.8892583,26.4473197,26,1,7,0,4,2,0,3,4,4,9,7,7,10,8,7,4,8,3
гр. КОЧЕРИНОВО,КЮСТЕНДИЛ,42.0862267,23.0580011,3,0,1,0,2,0,0,0,0,1,0,1,1,2,2,4,1,0,0
гр. КРЕСНА,БЛАГОЕВГРАД,41.7207983,23.1600632,22,7,4,0,0,2,4,1,3,11,5,2,6,13,9,14,20,4,5
гр. КРИВОДОЛ,ВРАЦА,43.3726088,23.4817076,13,4,3,0,2,2,3,3,2,8,3,3,4,5,6,4,4,4,2
гр. КРИЧИМ,ПЛОВДИВ,42.0470458,24.4664842,21,7,3,7,2,2,7,6,7,6,6,2,6,14,9,11,7,6,3
гр. КРУМОВГРАД,КЪРДЖАЛИ,41.4726748,25.6542541,18,1,4,2,1,0,4,4,1,14,7,2,5,11,10,10,12,3,5
гр. КРЪН,СТАРА ЗАГОРА,42.666,25.382,0,0,0,0,0,1,1,0,0,0,1,0,0,0,1,1,0,0,4
гр. КУБРАТ,РАЗГРАД,43.7968943,26.5004009,65,26,7,10,2,4,7,9,13,18,18,14,13,29,30,27,16,12,6
гр. КУКЛЕН,ПЛОВДИВ,42.0341472,24.7876207,2,1,0,0,0,1,0,0,0,2,1,2,3,6,17,17,8,12,5
гр. КУЛА,ВИДИН,43.8902565,22.5232227,8,3,1,0,6,3,2,1,2,4,1,0,2,8,4,3,6,1,2
гр. КЪРДЖАЛИ,КЪРДЖАЛИ,41.641,25.370,222,129,69,51,35,35,44,47,57,123,81,86,116,199,182,119,110,79,91
гр. КЮСТЕНДИЛ,КЮСТЕНДИЛ,42.281243,22.6882375,260,121,77,34,38,44,46,34,55,113,69,70,88,211,150,118,99,117,111
гр. ЛЕВСКИ,ПЛЕВЕН,43.3592923,25.1419112,99,28,16,9,10,11,10,10,9,12,18,14,17,23,22,18,18,17,13
гр. ЛЕТНИЦА,ЛОВЕЧ,43.3072139,25.0583946,38,18,2,6,2,2,1,4,2,2,2,1,3,3,10,4,3,5,1
гр. ЛОВЕЧ,ЛОВЕЧ,43.1348381,24.7172623,304,137,99,37,44,43,51,45,66,107,60,77,80,163,154,103,79,70,55
гр. ЛОЗНИЦА,РАЗГРАД,43.3714932,26.5987787,7,1,2,1,3,6,2,0,4,8,2,4,8,4,12,6,4,5,1
гр. ЛОМ,МОНТАНА,43.8256202,23.2375041,94,42,34,40,15,18,24,26,35,63,38,30,34,48,53,47,38,27,11
гр. ЛУКОВИТ,ЛОВЕЧ,43.2058127,24.1634576,35,17,6,2,4,6,8,2,4,13,7,4,11,29,28,28,9,16,16
гр. ЛЪКИ,ПЛОВДИВ,41.8333968,24.8311803,7,0,0,0,1,3,4,0,3,4,4,1,2,7,2,4,3,1,7
гр. ЛЮБИМЕЦ,ХАСКОВО,41.8430588,26.0806539,20,5,2,5,3,3,3,3,8,10,3,7,10,17,16,8,12,5,11
гр. ЛЯСКОВЕЦ,ВЕЛИКО ТЪРНОВО,43.1051642,25.7161041,43,10,10,2,10,6,6,8,13,19,11,12,12,26,15,19,17,10,9
гр. МАДАН,СМОЛЯН,41.5027225,24.9383983,22,8,9,2,10,10,5,9,5,15,7,7,14,21,22,9,10,5,14
гр. МАДЖАРОВО,ХАСКОВО,41.6343165,25.8590167,2,0,0,0,1,0,2,0,0,1,0,1,1,0,2,1,1,2,0
гр. МАЛКО ТЪРНОВО,БУРГАС,41.9790426,27.5261104,9,2,1,2,0,2,1,1,6,3,3,1,3,6,4,5,3,5,1
гр. МАРТЕН,РУСЕ,43.9207539,26.0820133,2,0,1,0,0,0,1,0,1,2,0,1,1,1,19,10,10,10,6
гр. МЕЗДРА,ВРАЦА,43.1453006,23.709063,50,26,15,10,7,11,6,8,16,20,14,13,18,36,33,25,24,20,25
гр. МЕЛНИК,БЛАГОЕВГРАД,41.5228,23.3927,0,0,0,0,0,0,0,0,0,1,0,0,1,2,2,2,0,2,1
гр. МЕРИЧЛЕРИ,ХАСКОВО,42.1315352,25.4980677,3,1,1,0,0,0,0,0,0,1,0,1,0,2,2,1,1,0,0
гр. МИЗИЯ,ВРАЦА,43.690,23.857,14,4,3,0,3,1,0,2,3,3,4,5,4,6,10,5,3,3,5
гр. МОМИН ПРОХОД,СОФИЯ-ОБЛАСТ,42.3304,23.8709,0,0,0,0,0,0,0,0,0,0,0,0,0,0,0,1,4,0,2
гр. МОМЧИЛГРАД,КЪРДЖАЛИ,41.5260486,25.4122448,16,9,6,3,2,5,5,5,3,15,13,8,9,24,15,29,16,6,9
гр. МОНТАНА,МОНТАНА,43.4085848,23.2256974,256,160,86,51,62,54,64,70,102,140,98,102,90,185,173,154,104,86,81
гр. МЪГЛИЖ,СТАРА ЗАГОРА,42.6086081,25.5451239,10,3,1,0,3,1,1,4,1,3,4,2,1,6,5,5,1,7,1
гр. НЕДЕЛИНО,СМОЛЯН,41.4552835,25.0807294,24,2,1,1,3,2,3,0,7,14,4,8,4,13,9,16,14,4,16
гр. НЕСЕБЪР,БУРГАС,42.6603497,27.7179353,103,37,20,13,19,18,18,32,56,118,81,69,79,140,143,100,96,88,85
гр. НИКОЛАЕВО,СТАРА ЗАГОРА,42.630091,25.7915938,12,3,2,0,0,0,2,1,0,4,1,0,1,1,2,1,4,3,3
гр. НИКОПОЛ,ПЛЕВЕН,43.7066436,24.8984362,11,2,3,0,1,1,1,0,2,2,0,2,2,6,3,4,3,5,2
гр. НОВА ЗАГОРА,СЛИВЕН,42.4933211,26.0127647,90,43,21,27,22,23,16,22,22,55,24,22,34,55,62,57,54,35,25
гр. НОВИ ИСКЪР,СОФИЯ-ГРАД,42.8217,23.3542,20,8,7,5,6,7,13,3,13,20,18,10,29,46,31,38,23,25,19
гр. НОВИ ПАЗАР,ШУМЕН,43.3450379,27.1925562,76,21,15,11,7,13,9,13,9,30,19,14,21,27,36,35,22,19,14
гр. ОБЗОР,БУРГАС,42.8189115,27.8817126,10,3,1,1,2,0,1,0,2,8,3,8,3,9,11,7,7,4,5
гр. ОМУРТАГ,ТЪРГОВИЩЕ,43.1089497,26.4164105,34,10,9,2,4,2,10,6,14,18,9,7,13,18,16,16,11,8,12
гр. ОПАКА,ТЪРГОВИЩЕ,43.4431021,26.1647415,2,2,0,0,2,0,0,0,0,0,1,1,0,1,6,5,0,2,0
гр. ОРЯХОВО,ВРАЦА,43.73489,23.961388,22,7,5,2,3,4,1,1,6,5,4,4,5,8,6,7,4,3,1
гр. ПАВЕЛ БАНЯ,СТАРА ЗАГОРА,42.5954047,25.2093708,11,3,2,0,2,1,2,1,2,4,2,0,3,7,2,5,5,1,7
гр. ПАВЛИКЕНИ,ВЕЛИКО ТЪРНОВО,43.2381138,25.3071352,134,41,23,18,19,12,17,18,26,21,18,22,22,42,43,39,35,19,18
гр. ПАЗАРДЖИК,ПАЗАРДЖИК,42.1913161,24.3321331,654,288,176,100,86,106,121,92,172,230,176,156,162,303,298,245,196,163,143
гр. ПАНАГЮРИЩЕ,ПАЗАРДЖИК,42.504899,24.188593,65,24,18,9,10,13,20,24,16,49,24,26,20,51,38,36,37,28,28
гр. ПЕРНИК,ПЕРНИК,42.610232,23.0321377,550,183,156,84,65,99,78,81,110,204,130,141,171,298,307,219,189,164,133
гр. ПЕРУЩИЦА,ПЛОВДИВ,42.0576874,24.5468503,11,4,1,0,1,1,3,2,1,3,3,5,1,3,10,12,3,5,2
гр. ПЕТРИЧ,БЛАГОЕВГРАД,41.3981712,23.2069125,274,85,75,33,48,41,41,47,64,92,82,49,86,210,245,240,300,484,472
гр. ПЕЩЕРА,ПАЗАРДЖИК,42.0315529,24.3018122,84,25,16,7,12,10,11,8,20,28,19,22,30,55,42,47,37,23,20
гр. ПИРДОП,СОФИЯ-ОБЛАСТ,42.6998694,24.1815354,45,18,10,3,8,5,9,9,17,18,10,17,16,24,28,23,15,13,15
гр. ПЛАЧКОВЦИ,ГАБРОВО,42.823439,25.4807232,5,1,1,0,0,1,1,2,1,2,2,0,1,4,5,5,5,3,3
гр. ПЛЕВЕН,ПЛЕВЕН,43.4082397,24.6203049,904,413,257,166,202,185,217,218,260,444,287,309,301,551,503,408,364,320,251
гр. ПЛИСКА,ШУМЕН,43.3617285,27.1250106,5,1,0,0,0,0,1,0,0,1,3,2,1,1,2,1,1,2,1
гр. ПЛОВДИВ,ПЛОВДИВ,42.1438409,24.7495615,3601,1473,979,634,555,589,631,667,947,1432,968,1018,1195,2432,2019,1706,1334,1351,1140
гр. ПОЛСКИ ТРЪМБЕШ,ВЕЛИКО ТЪРНОВО,43.3696077,25.6362717,43,7,11,2,4,8,4,1,7,13,9,6,9,15,9,9,8,8,3
гр. ПОМОРИЕ,БУРГАС,42.5560438,27.6418793,75,34,16,8,4,8,11,17,19,54,23,39,39,88,70,52,38,47,47
гр. ПОПОВО,ТЪРГОВИЩЕ,43.3482552,26.2271511,117,38,19,9,9,8,18,17,20,37,17,17,27,53,57,44,38,24,29
гр. ПОРДИМ,ПЛЕВЕН,43.3768076,24.8478808,7,6,3,0,3,4,0,2,4,2,2,2,1,1,0,7,3,1,1
гр. ПРАВЕЦ,СОФИЯ-ОБЛАСТ,42.8949369,23.9162925,44,11,10,2,6,2,2,2,10,10,7,7,10,13,10,21,7,10,7
гр. ПРИМОРСКО,БУРГАС,42.2666277,27.7551781,17,2,5,2,1,3,2,2,7,14,14,5,11,31,23,30,25,28,19
гр. ПРОВАДИЯ,ВАРНА,43.182,27.441,102,28,20,11,13,11,13,11,14,20,24,15,18,40,44,50,28,23,12
гр. ПЪРВОМАЙ,ПЛОВДИВ,42.0991919,25.2248637,59,25,14,4,10,9,15,11,14,39,22,13,18,44,34,33,24,30,16
гр. РАДНЕВО,СТАРА ЗАГОРА,42.2896685,25.9344006,73,18,24,6,5,13,8,15,12,41,13,10,15,41,35,26,27,11,14
гр. РАДОМИР,ПЕРНИК,42.5456613,22.9624276,59,22,13,6,4,7,12,6,7,12,7,4,19,29,39,24,25,24,13
гр. РАЗГРАД,РАЗГРАД,43.525002,26.5231269,415,127,78,57,46,55,67,79,87,143,83,80,90,205,174,122,108,98,95
гр. РАЗЛОГ,БЛАГОЕВГРАД,41.8859835,23.4665277,79,35,15,14,12,17,19,15,18,44,26,44,43,86,63,64,44,35,52
гр. РАКИТОВО,ПАЗАРДЖИК,41.9902024,24.0873886,68,24,13,7,6,3,4,5,10,18,9,4,7,11,11,20,13,12,9
гр. РАКОВСКИ,ПЛОВДИВ,42.2891862,24.9659549,57,31,19,11,14,7,14,15,13,25,21,30,23,49,60,52,36,31,26
гр. РИЛА,КЮСТЕНДИЛ,42.1272707,23.1337455,5,1,3,0,1,1,0,0,2,2,0,2,2,6,3,7,5,2,1
гр. РОМАН,ВРАЦА,43.1465926,23.92539,21,1,5,1,1,2,0,2,4,8,3,3,1,11,7,12,5,1,3
гр. РУДОЗЕМ,СМОЛЯН,41.4872392,24.8489589,25,13,6,3,7,4,2,7,3,9,12,11,13,14,11,16,5,7,9
гр. РУСЕ,РУСЕ,43.8495786,25.9552292,1446,611,410,266,246,276,258,297,371,610,334,403,443,803,703,600,515,590,503
гр. САДОВО,ПЛОВДИВ,42.1333421,24.939644,11,2,2,2,0,0,2,2,1,2,4,3,3,2,4,4,4,1,1
гр. САМОКОВ,СОФИЯ-ОБЛАСТ,42.3371612,23.5576656,151,75,38,31,24,40,36,57,57,69,54,66,61,160,139,122,86,73,69
гр. САНДАНСКИ,БЛАГОЕВГРАД,41.5611742,23.277684,176,72,46,26,23,27,31,35,42,97,55,45,47,152,123,114,127,144,188
гр. САПАРЕВА БАНЯ,КЮСТЕНДИЛ,42.2891671,23.2642072,13,1,5,0,1,2,4,2,6,4,4,6,7,14,12,11,8,16,9
гр. СВЕТИ ВЛАС,БУРГАС,42.7125,27.7556,1,0,0,2,0,0,0,3,1,4,4,7,5,22,48,23,19,31,36
гр. СВИЛЕНГРАД,ХАСКОВО,41.7653776,26.2033187,36,17,13,19,19,30,19,24,53,84,35,32,47,108,79,54,38,63,68
гр. СВИЩОВ,ВЕЛИКО ТЪРНОВО,43.6201165,25.3460445,171,67,44,22,17,40,34,36,40,58,45,41,42,77,74,70,44,36,28
гр. СВОГЕ,СОФИЯ-ОБЛАСТ,42.9633117,23.3425761,51,14,10,17,7,8,4,7,22,19,10,18,24,38,24,20,15,17,11
гр. СЕВЛИЕВО,ГАБРОВО,43.0265081,25.1036402,137,58,30,23,21,22,30,38,57,66,53,38,45,110,75,60,49,44,43
гр. СЕНОВО,РУСЕ,43.6494541,26.3629775,6,0,1,1,0,1,1,0,1,0,0,1,1,0,0,1,1,1,0
гр. СЕПТЕМВРИ,ПАЗАРДЖИК,42.2068593,24.1329093,23,11,9,4,5,9,8,2,5,11,2,7,7,15,14,16,19,10,11
гр. СИЛИСТРА,СИЛИСТРА,44.1171075,27.2607221,443,158,103,42,47,46,55,50,77,138,73,95,98,169,160,119,89,88,77
гр. СИМЕОНОВГРАД,ХАСКОВО,42.0343686,25.831433,23,2,5,0,2,2,3,4,5,8,1,2,4,4,7,15,4,1,5
гр. СИМИТЛИ,БЛАГОЕВГРАД,41.8924667,23.1114592,20,6,4,6,1,1,4,8,7,14,5,11,10,26,18,25,12,13,8
гр. СЛАВЯНОВО,ПЛЕВЕН,43.4650306,24.8714524,14,3,1,0,2,1,2,2,2,2,1,3,2,4,7,7,7,6,1
гр. СЛИВЕН,СЛИВЕН,42.6805279,26.3163302,641,251,191,100,88,99,160,132,159,278,196,210,245,472,360,227,211,204,184
гр. СЛИВНИЦА,СОФИЯ-ОБЛАСТ,42.8524771,23.0378527,26,13,9,5,2,4,8,6,8,16,6,9,15,26,17,17,14,17,14
гр. СЛИВО ПОЛЕ,РУСЕ,43.9417854,26.2046145,17,7,0,0,1,0,1,0,5,6,2,5,2,5,5,3,5,8,1
гр. СМОЛЯН,СМОЛЯН,41.5746569,24.7107801,296,137,94,35,63,50,63,45,62,121,68,100,122,238,179,136,94,82,87
гр. СМЯДОВО,ШУМЕН,43.0644304,27.0137253,15,6,4,0,2,2,3,2,6,1,3,3,3,11,3,2,6,3,8
гр. СОЗОПОЛ,БУРГАС,42.4173676,27.6963564,19,6,6,2,5,4,3,4,12,26,26,21,24,30,33,22,28,18,20
гр. СОПОТ,ПЛОВДИВ,42.6534447,24.7569355,26,20,9,4,6,11,11,9,10,23,16,14,9,29,19,16,20,16,7
гр. СОФИЯ,СОФИЯ-ГРАД,42.6964917,23.3260106,13065,5630,3854,2623,2114,2514,2840,2893,3300,5583,3888,4537,5865,12442,9691,8094,7896,7602,6513
гр. СРЕДЕЦ,БУРГАС,42.3452607,27.181207,49,13,12,7,7,3,3,2,6,11,9,11,8,13,11,17,27,14,18
гр. СТАМБОЛИЙСКИ,ПЛОВДИВ,42.137124,24.5354729,38,12,17,5,5,1,5,11,10,22,10,13,23,36,37,27,25,14,14
гр. СТАРА ЗАГОРА,СТАРА ЗАГОРА,42.4239169,25.6249022,1436,651,426,277,225,263,249,266,403,591,398,383,457,900,718,513,460,407,376
гр. СТРАЖИЦА,ВЕЛИКО ТЪРНОВО,43.2270807,25.9614363,34,7,12,3,5,1,4,4,5,7,5,8,8,17,7,6,3,6,4
гр. СТРАЛДЖА,ЯМБОЛ,42.5972581,26.6915327,13,8,3,1,4,3,1,2,3,2,9,2,0,8,5,12,16,7,3
гр. СТРЕЛЧА,ПАЗАРДЖИК,42.5062784,24.3209846,13,4,5,1,1,4,4,0,2,5,6,2,2,6,10,12,11,8,5
гр. СУВОРОВО,ВАРНА,43.3287769,27.5914952,23,7,0,1,1,2,1,0,6,2,3,4,2,8,11,12,1,6,5
гр. СУНГУРЛАРЕ,БУРГАС,42.7629818,26.773294,24,4,3,1,2,4,2,3,3,10,8,6,4,14,4,7,5,4,2
гр. СУХИНДОЛ,ВЕЛИКО ТЪРНОВО,43.1855,25.1715,6,4,1,1,0,1,6,2,1,5,2,0,3,1,6,3,4,2,4
гр. СЪЕДИНЕНИЕ,ПЛОВДИВ,42.2746994,24.5423036,20,7,8,9,4,3,2,5,2,14,7,3,10,13,18,15,8,11,15
гр. СЪРНИЦА,ПАЗАРДЖИК,41.7374031,24.0244503,62,19,13,10,6,5,6,10,6,9,13,11,9,21,22,10,14,18,12
гр. ТВЪРДИЦА,СЛИВЕН,42.7014236,25.8979296,26,5,4,5,1,3,5,3,5,5,8,7,6,9,9,14,14,11,5
гр. ТЕРВЕЛ,ДОБРИЧ,43.7477132,27.4089582,29,12,5,4,6,7,4,5,8,7,3,5,15,19,31,22,13,10,15
гр. ТЕТЕВЕН,ЛОВЕЧ,42.9198522,24.2561434,64,31,20,8,7,11,5,7,9,17,22,16,22,41,25,22,15,11,13
гр. ТОПОЛОВГРАД,ХАСКОВО,42.084523,26.3369087,37,7,8,8,5,3,4,1,4,11,4,7,5,13,6,9,6,4,4
гр. ТРОЯН,ЛОВЕЧ,42.8844685,24.710814,154,72,48,19,30,20,40,25,48,70,41,42,53,114,108,65,63,42,44
гр. ТРЪН,ПЕРНИК,42.8349032,22.6505387,6,1,1,0,0,2,0,0,0,4,1,2,1,5,0,1,5,3,4
гр. ТРЪСТЕНИК,ПЛЕВЕН,43.5208094,24.4719272,17,2,6,3,1,1,1,1,2,4,2,2,3,4,9,8,1,8,7
гр. ТРЯВНА,ГАБРОВО,42.8673171,25.4927178,71,25,19,13,12,14,10,20,19,27,15,19,18,47,36,32,27,22,21
гр. ТУТРАКАН,СИЛИСТРА,44.044935,26.6144888,46,12,12,6,5,7,3,5,7,26,16,10,22,18,14,11,10,10,12
гр. ТЪРГОВИЩЕ,ТЪРГОВИЩЕ,43.247125,26.5728187,359,119,52,37,58,36,46,52,74,125,102,98,111,181,127,126,122,119,80
гр. УГЪРЧИН,ЛОВЕЧ,43.0950504,24.4181428,6,5,1,0,0,0,0,1,0,3,2,3,3,2,4,3,3,2,0
гр. ХАДЖИДИМОВО,БЛАГОЕВГРАД,41.515585,23.8525246,12,1,2,2,2,3,3,1,3,8,4,4,3,15,6,4,11,2,7
гр. ХАРМАНЛИ,ХАСКОВО,41.9303283,25.9020632,91,27,17,10,10,15,16,18,21,55,26,29,38,67,63,45,32,50,37
гр. ХАСКОВО,ХАСКОВО,41.9312769,25.5572129,541,242,151,120,78,103,102,90,113,246,178,179,256,443,331,244,193,187,174
гр. ХИСАРЯ,ПЛОВДИВ,42.5065295,24.7102688,38,13,12,1,7,6,7,5,8,16,18,15,12,25,30,21,13,19,15
гр. ЦАРЕВО,БУРГАС,42.168,27.846,14,3,2,1,5,1,3,7,3,13,9,11,17,29,21,25,17,15,14
гр. ЦАР КАЛОЯН,РАЗГРАД,43.6086604,26.2370904,5,2,0,0,3,1,0,2,1,3,1,3,3,5,4,4,4,1,5
гр. ЧЕПЕЛАРЕ,СМОЛЯН,41.7251812,24.6849586,23,6,7,5,0,6,9,5,14,17,12,15,23,31,33,33,14,4,8
гр. ЧЕРВЕН БРЯГ,ПЛЕВЕН,43.2817621,24.0836121,33,23,13,3,11,10,9,6,18,20,16,15,14,22,24,31,20,12,21
гр. ЧИПРОВЦИ,МОНТАНА,43.3845065,22.880836,4,1,0,1,1,0,1,3,1,5,0,2,2,1,4,8,2,0,3
гр. ЧИРПАН,СТАРА ЗАГОРА,42.1995609,25.3251252,62,29,18,12,2,8,7,15,10,33,18,12,11,29,26,22,27,19,10
гр. ШАБЛА,ДОБРИЧ,43.5362366,28.5321549,22,4,2,1,1,5,4,0,1,3,5,7,6,8,17,13,5,11,2
гр. ШИВАЧЕВО,СЛИВЕН,42.6863617,26.0279359,4,1,0,0,1,0,0,0,1,2,0,1,0,4,6,9,5,3,1
гр. ШИПКА,СТАРА ЗАГОРА,42.71246,25.3324,3,0,1,4,1,1,1,0,2,3,2,2,0,7,5,3,2,3,1
гр. ШУМЕН,ШУМЕН,43.2706037,26.9233772,879,296,196,129,102,90,100,104,152,312,173,173,221,419,322,307,195,208,172
гр. ЯБЛАНИЦА,ЛОВЕЧ,43.0250438,24.099946,17,6,2,1,1,3,2,1,3,1,6,3,15,8,7,10,4,4,1
гр. ЯКОРУДА,БЛАГОЕВГРАД,42.0177306,23.6690041,20,6,4,3,1,5,4,6,6,11,10,7,9,12,7,4,11,8,6
гр. ЯМБОЛ,ЯМБОЛ,42.4837689,26.5107717,651,278,144,80,105,108,114,85,129,212,149,148,181,299,243,205,161,157,138
